Label,optsne_1,optsne_2
1,-85.236,63.967
2,-88.076,24.329
3,-11.898,15.765
4,64.586,56.93
5,59.057,-54.36
6,-38.01,22.797
7,-26.334,2.7009
8,-33.083,-59.498
9,-14.393,53.806
10,-58.685,72.797
11,16.089,-11.183
12,-50.564,79.431
13,-4.0962,-58.329
14,-71.975,-54.376
15,-47.132,7.3048
16,2.6856,-17.111
17,-57.405,61.806
18,-25.053,-18.749
19,96.816,-41.285
20,1.4255,-6.9398
21,-7.0538,51.149
22,-62.727,29.838
23,-55.806,9.4543
24,-59.092,2.2519
25,-38.001,21.633
26,15.298,98.19
27,13.405,54.041
28,-25.315,96.563
29,-41.925,89.748
30,-0.95696,36.407
31,-13.72,14.357
32,16.091,63.554
33,57.707,72.532
34,-23.934,-87.493
35,36.997,-62.098
36,-74.238,-74.473
37,46.501,21.701
38,-16.995,-70.137
39,37.871,4.3042
40,-16.745,-25.425
41,-51.345,-84.76
42,-21.804,-69.958
43,60.356,51.747
44,-50.77,-83.538
45,27.288,37.876
46,-43.059,76.009
47,30.636,74.184
48,-3.3282,-50.135
49,14.799,71.604
50,-21.333,-80
51,-9.4286,-67.982
52,-5.4019,-34.891
53,4.4564,12.627
54,73.548,38.828
55,-34,66.384
56,38.573,39.01
57,10.206,46.06
58,-40.186,2.9581
59,-14.428,-67.345
60,-99.138,5.5699
61,-20.283,22.119
62,85.151,-47.249
63,-27.595,50.156
64,-45.406,9.7107
65,23.093,-68.013
66,6.4207,-2.568
67,-58.15,66.84
68,-25.612,68.327
69,-77.962,58.78
70,26.533,92.243
71,-68.919,-56.908
72,-12.492,-62.774
73,-59.643,2.2075
74,-71.488,62.122
75,-64.478,14.02
76,22.253,55.234
77,-20.899,-28.225
78,13.873,72.555
79,19.905,-6.1616
80,37.36,46.415
81,52.067,48.669
82,3.4227,56.594
83,71.625,41.831
84,-33.709,85.797
85,-22.546,41.599
86,-12.001,-76.303
87,-94.636,-13.9
88,-27.187,55.368
89,23.84,3.8055
90,16.924,46.737
91,-72.74,-63.404
92,-27.058,-33.866
93,-0.84316,-60.058
94,-66.775,70.377
95,1.0177,68.844
96,-28.622,-65.256
97,-9.4781,-75.254
98,-77.083,56.957
99,35.059,-18.181
100,9.8788,34.824
101,38.205,33.257
102,-24.382,92.5
103,-21.599,19.951
104,5.6214,-0.40259
105,-25.11,-94.993
106,5.0595,87.474
107,14.681,96.172
108,14.236,-14.191
109,-41.79,76.263
110,59.5,-26.735
111,21.249,54.469
112,10.146,78.693
113,-18.486,89.754
114,-14.15,81.376
115,31.002,65.492
116,5.2575,95.071
117,29.882,88.258
118,-4.4526,-74.829
119,34.871,2.2848
120,-11.53,51.611
121,21.826,42.933
122,2.5284,26.826
123,-23.346,-91.124
124,5.3219,72.24
125,-38.848,75.877
126,20.158,-1.3457
127,16.657,-11.584
128,-7.7405,56.96
129,0.38524,-76.191
130,-9.8987,-64.502
131,-27.395,32.403
132,56.496,49.112
133,7.481,-5.5611
134,-58.121,32.341
135,-7.0367,65.494
136,44.124,74.111
137,-33.377,65.954
138,0.64765,-80.573
139,-31.4,86.004
140,16.344,-11.393
141,49.72,-71.78
142,-21.748,-84.555
143,-33.686,66.935
144,14.849,-3.6139
145,-6.2193,90.803
146,-71.788,-55.322
147,41.996,37.696
148,8.0119,72.018
149,63.079,39.121
150,-21.147,-28.603
151,16.525,72.335
152,34.768,-80.29
153,-1.4022,-53.771
154,37.399,46.384
155,35.92,40.143
156,-55.667,-87.779
157,-35.667,9.9353
158,11.147,-8.5334
159,31.543,74.464
160,42.858,-59.253
161,-60.037,69.276
162,58.788,48.161
163,-2.3422,91.896
164,2.5999,-17.518
165,50.835,41.399
166,47.592,43.845
167,-23.253,-90.835
168,11.189,-4.3099
169,10.658,98.045
170,46.476,41.63
171,-20.969,76.186
172,-54.441,-88.829
173,12.461,-80.156
174,-21.444,69.623
175,-31.71,51.081
176,21.345,88.572
177,32.804,66.008
178,31.979,43.668
179,21.31,25.39
180,-52.663,-57.752
181,9.9882,68.836
182,-16.856,-79.55
183,14.317,-13.739
184,-62.765,0.27714
185,-27.809,-65.504
186,13.507,51.459
187,-68.162,16.709
188,11.789,94.321
189,-10.579,-72.531
190,-15.946,-24.2
191,-15.221,-42.806
192,-28.665,88.119
193,16.475,62.635
194,16.457,-13.174
195,-96.396,-15.789
196,4.9336,71.081
197,-30.028,62.028
198,-40.261,75.018
199,4.7642,-13.112
200,-7.2306,94.62
201,-23.208,-110
202,-22.769,62.94
203,-24.492,-19.782
204,-9.9436,93.723
205,-1.6666,-65.244
206,-19.44,89.893
207,37.663,-3.829
208,4.978,-0.19037
209,12.867,72.043
210,29.896,75.948
211,24.295,96.53
212,-23.403,-11.193
213,-15.686,56.632
214,14.462,-26.302
215,-29.316,63.059
216,-17.605,-79.7
217,62.084,71.766
218,6.9132,-7.0016
219,-72.04,72.143
220,-16.314,66.946
221,-15.951,-79.07
222,-68.089,39.999
223,37.377,77.335
224,-31.909,72.335
225,-16.235,64.004
226,-59.62,26.24
227,4.2968,-2.7681
228,6.7585,85.091
229,16.508,32.357
230,-15.121,50.337
231,-20.939,-87.793
232,-58.777,33.17
233,16.998,-7.8364
234,9.5988,49.71
235,52.367,49.079
236,-60.286,-66.464
237,24.688,72.199
238,37.623,65.095
239,-44.86,82.478
240,-66.897,72.578
241,59.682,59.5
242,8.7436,63.93
243,-58.136,27.739
244,-9.9935,-45.516
245,-21.355,71.632
246,43.796,76.856
247,30.595,74.058
248,17.575,58.258
249,74.325,46.869
250,0.88438,101.46
251,4.0303,0.098162
252,13.255,-5.5122
253,58.314,61.994
254,-6.8095,86.647
255,54.512,62.354
256,27.89,37.82
257,-4.0976,51.567
258,-22.525,65.99
259,-10.161,65.7
260,13.384,-15.106
261,26.39,-54.683
262,17.589,-10.87
263,-43.375,89.102
264,10.785,-49.342
265,-39.775,-51.828
266,62.863,48.432
267,7.9142,-13.67
268,-63.544,64.904
269,12.354,-13.24
270,9.2039,34.573
271,55.051,48.003
272,10.042,69.194
273,-9.3854,-76.644
274,-2.3245,-36.363
275,-58.119,75.741
276,52.081,45.794
277,24.035,41.21
278,-20.478,-74.493
279,47.399,-80.146
280,63,43.835
281,10.647,-8.2693
282,55.942,-55.835
283,52.35,45.951
284,21.335,-7.8686
285,15.561,-9.3805
286,4.8256,55.384
287,56.729,41.945
288,-41.375,63.518
289,46.814,39.913
290,8.5807,-16.56
291,0.33083,96.24
292,75.507,56.035
293,18.275,-80.241
294,12.234,96.654
295,37.111,58.341
296,3.7988,58.548
297,1.3307,44.042
298,-16.566,-26.759
299,13.692,47.547
300,15.652,-3.4136
301,54.65,-49.709
302,-10.508,-88.343
303,8.416,-0.40998
304,12.278,84.738
305,-29.088,66.096
306,28.205,89.175
307,4.5539,39.515
308,7.8493,58.462
309,17.218,55.08
310,-13.07,53.798
311,-71.795,68.329
312,2.2331,54.642
313,-23.723,67.886
314,1.813,29.028
315,-81.578,38.206
316,-25.168,69.553
317,-4.2095,86.384
318,-13.584,53.769
319,30.554,74.479
320,-13.919,63.169
321,45.709,28.931
322,33.515,25.287
323,42.956,75.779
324,-58.749,61.234
325,16.255,46.808
326,52.393,45.882
327,-6.3672,26.507
328,6.8519,73.502
329,-69.074,68.868
330,13.956,-4.0809
331,42.377,33.491
332,56.682,50.048
333,-5.1384,94.231
334,30.803,86.283
335,19.524,-8.7888
336,8.3109,-16.43
337,34.78,-76.717
338,-9.6436,70.928
339,31.826,-91.684
340,-6.7731,19.286
341,-56.747,27.862
342,-13.238,-74.485
343,-58.349,35.487
344,-17.789,68.369
345,-21.082,92.312
346,67.391,40.494
347,-9.8994,29.5
348,18.485,52.203
349,21.796,-4.301
350,-21.762,91.902
351,-11.068,-70.982
352,72.22,47.823
353,40.856,-45.638
354,-44.367,85.195
355,-49.446,-27.583
356,22.347,28.303
357,7.4297,-77.317
358,5.271,54.869
359,48.321,41.363
360,4.1296,-8.5315
361,-1.0855,76.426
362,-38.384,-73.605
363,-18.003,-22.646
364,62.904,43.686
365,-16.39,55.835
366,28.579,92.946
367,15.369,-8.9469
368,76.303,48.047
369,29.139,38.028
370,-16.168,24.74
371,81.139,-38.524
372,-1.1837,53.707
373,-56.818,23.872
374,8.4315,31.395
375,-30.833,73.619
376,8.1045,27.978
377,34.643,-57.952
378,-21.972,88.405
379,-57.823,28.55
380,-23.687,69.757
381,30.786,14.829
382,17.52,58.212
383,-3.9133,68.534
384,-1.0405,18.86
385,-2.1662,-55.761
386,47.598,44.535
387,13.851,53.05
388,-6.0033,93.287
389,-25.631,75.138
390,6.2917,25.152
391,1.361,18.073
392,15.271,-40.438
393,59.134,51.087
394,23.539,92.778
395,51.91,-20.003
396,34.474,-7.378
397,16.289,46
398,-0.82209,26.777
399,-37.179,78.876
400,58.824,-63.963
401,-19.502,70.284
402,18.492,1.7539
403,-41.13,65.146
404,14.815,1.074
405,44.339,-43.546
406,30.224,74.754
407,-12.709,55.606
408,-58.562,66.881
409,18.597,48.525
410,37.155,33.474
411,-21.307,18.457
412,-18.1,56.398
413,-57.412,28.548
414,81.639,-50.878
415,12.264,51.42
416,58.623,62.638
417,-17.509,67.069
418,-48.983,36.172
419,-16.396,-24.612
420,56.989,-57.268
421,-0.19341,42.642
422,-13.463,-94.4
423,26.229,28.144
424,6.6086,76.865
425,39.389,24.447
426,-16.488,-27.042
427,-20.883,67.78
428,-57.397,31.142
429,8.1855,68.009
430,-66.62,35.613
431,84.363,43.872
432,20.4,-5.879
433,36.912,-16.47
434,-21.951,69.553
435,-20.327,70.322
436,-28.951,83.832
437,23.039,-43.336
438,26.837,88.869
439,-0.10884,60.728
440,-15.628,56.695
441,60.137,58.785
442,10.607,82.813
443,-60.198,35.14
444,17.044,77.58
445,20.444,1.1756
446,55.327,55.814
447,-18.95,18.197
448,-18.189,-26.733
449,-46.46,26.316
450,10.907,95.549
451,-13.705,50.55
452,-36.36,68.798
453,-3.6604,19.282
454,-16.822,31.181
455,17.473,56.39
456,20.812,-77.862
457,-15.513,63.298
458,-21.222,93.605
459,21.287,0.099626
460,8.8451,-13.329
461,-18.914,19.05
462,72.652,-53.977
463,-20.295,22.202
464,28.077,-46.959
465,13.148,83.591
466,31.789,85.345
467,-14.831,62.299
468,-24.073,-5.8093
469,29.432,-45.286
470,-2.7051,-58.268
471,-40.609,76.69
472,56.207,50.197
473,48.077,71.186
474,-26.824,-94.563
475,77.506,-54.166
476,46.74,-74.245
477,-14.953,-21.703
478,-13.285,-67.778
479,30.893,22.833
480,45.304,-83.789
481,33.539,94.079
482,13.541,52.802
483,13.173,-0.99316
484,15.743,-4.677
485,46.362,29.365
486,7.8931,84.612
487,-21.068,92.372
488,39.436,37.014
489,-10.522,-67.154
490,-61.652,22.506
491,-62.875,66.283
492,11.367,51.167
493,24.952,14.196
494,73.292,51.543
495,-36.22,68.691
496,-40.568,37.371
497,47.86,77.006
498,32.249,22.462
499,45.504,73.311
500,46.712,84.013
501,-58.306,1.4528
502,-25.467,-52.768
503,-40.048,89.252
504,-5.9897,89.537
505,56.473,-67.44
506,8.5279,97.267
507,14.741,96.2
508,3.8367,77.967
509,52.604,61.344
510,36.346,62.808
511,33.112,-60.824
512,12.929,89.624
513,-61.064,34.116
514,-9.2003,-44.741
515,39.576,-58.026
516,52.641,61.14
517,36.734,-69.651
518,-10.862,-72.848
519,31.042,10.582
520,-3.6535,68.024
521,63.701,54.388
522,29.688,-77.19
523,19.124,51.838
524,60.232,58.606
525,23.732,-40.651
526,-37.761,75.353
527,36.618,-67.859
528,56.471,-67.51
529,-45.22,67.756
530,18.27,48.536
531,-17.136,-84.835
532,36.137,-60.308
533,-65.457,66.024
534,13.936,-5.6503
535,27.985,-67.441
536,-24.533,-102.52
537,34.889,68.491
538,30.055,42.26
539,37.214,67.151
540,25.206,14.94
541,56.996,50.891
542,15.841,-4.6236
543,57.966,47.623
544,25.113,87.707
545,68.647,-52.255
546,21.257,-7.5504
547,-34.792,75.062
548,41.134,5.1553
549,13.498,-10.761
550,-16.229,29.241
551,29.794,-59.74
552,57.952,61.666
553,57.01,62.218
554,-31.813,71.579
555,-17.251,67.867
556,7.549,10.624
557,-25.022,71.402
558,29.517,49.12
559,36.482,41.722
560,-36.008,64.49
561,-59.249,27.753
562,-20.922,20.771
563,47.344,42.33
564,52.941,-63.421
565,17.015,-3.0486
566,7.8807,72.326
567,-0.76933,72.427
568,0.40542,68.707
569,24.217,22.698
570,31.908,-65.291
571,50.896,43.878
572,49.475,69.512
573,-27.593,66.879
574,-17.54,-24.649
575,56.137,49.195
576,7.523,-53.502
577,30.763,76.785
578,-0.95501,54.008
579,-23.2,69.186
580,-23.669,69.487
581,-58.466,0.36372
582,54.092,-72.805
583,4.3064,-12.431
584,-33.256,67.355
585,-11.012,30.361
586,36.865,9.5525
587,9.8759,-12.422
588,-12.889,-1.1091
589,-18.002,32.719
590,60.759,37.131
591,35.409,40.632
592,60.547,40.42
593,50.6,53.921
594,29.478,-59.618
595,16.009,-11.564
596,5.7741,90.66
597,40.218,-1.862
598,19.437,0.67919
599,42.402,2.3945
600,19.114,-7.4478
601,-20.201,67.387
602,9.0464,-4.3178
603,17.935,-11.142
604,38.803,33.485
605,27.589,75.368
606,40.835,81.859
607,-42.086,65.052
608,-21.421,-86.271
609,20.228,22.386
610,14.972,74.195
611,17.365,-10.631
612,-57.046,24.901
613,28.612,4.6995
614,16.134,53.316
615,-3.6949,68.094
616,-10.167,65.223
617,-14.894,-66.223
618,-46.3,85.819
619,4.7321,-85.327
620,-38.246,78.536
621,-30.127,86.36
622,65.372,66.458
623,-28.193,62.823
624,-7.6498,67.202
625,55.711,62.878
626,27.264,39.61
627,-99.386,14.762
628,7.6332,0.022321
629,4.1814,42.321
630,10.679,-56.562
631,22.495,-92.941
632,21.277,87.673
633,-13.571,63.575
634,68.668,-15.853
635,-6.531,61.356
636,0.27912,29.042
637,57.061,-57.261
638,14.247,98.664
639,15.058,-9.9561
640,0.57026,32.872
641,72.121,-54.17
642,3.4775,-16.181
643,-1.8896,22.28
644,29.955,16.38
645,28.694,76.677
646,-55.257,-92.413
647,-62.624,77.356
648,-60.81,29.247
649,-36.425,46.703
650,57.345,43.993
651,-12.195,55.622
652,30.576,42.335
653,-60.411,35.173
654,-16.285,-29.97
655,48.833,-6.4406
656,42.159,74.025
657,3.4592,56.65
658,63.546,45.499
659,29.734,75.783
660,-15.716,25.656
661,-76.266,-52.721
662,-46.66,48
663,20.816,-85.475
664,29.02,-32.256
665,36.766,23.774
666,-7.3918,24.803
667,21.529,-86.958
668,-60.197,22.165
669,4.1923,-84.807
670,53.834,-70.092
671,-69.593,66.884
672,-15.119,56.992
673,-13.509,60.691
674,-6.9143,26.014
675,-60.451,-0.31401
676,62.251,-61.01
677,-6.3396,89.873
678,83.319,-13.151
679,-23.152,92.308
680,32.061,61.426
681,36.161,-29.551
682,16.5,13.553
683,22.795,-79.572
684,-13.572,-79.38
685,-51.831,-89.481
686,-22.694,-10.27
687,33.005,92.579
688,28.071,75.931
689,28.882,6.8177
690,-30.132,91.323
691,71.574,-16.312
692,26.907,93.332
693,13.598,54.823
694,-41.203,5.962
695,-61.076,35.421
696,9.5926,76.238
697,52.042,-57.593
698,-29.254,-61.209
699,32.372,-64.828
700,-39.157,15.874
701,-24.926,-100.15
702,13.983,54.484
703,-31.343,82.95
704,17.054,48.244
705,72.507,45.712
706,9.1776,-18.197
707,-64.677,26.881
708,-82.403,23.717
709,-69.782,-80.106
710,57.813,40.288
711,44.797,19.655
712,28.775,39.27
713,52.918,-56.042
714,48.966,-39.235
715,-12.931,75.154
716,39.058,14.021
717,75.177,-30.389
718,2.1277,-64.805
719,-17.701,19.91
720,39.509,-74.436
721,-63.984,3.5261
722,11.909,-7.4276
723,-72.951,68.408
724,56.23,47.124
725,-12.191,-94.641
726,32.196,1.4513
727,-29.024,70.986
728,-58.142,73.529
729,-68.09,-81.3
730,-4.8433,-55.425
731,41.448,73.908
732,-64.725,26.374
733,-83.094,17.858
734,34.642,19.458
735,37.11,7.7031
736,-19.316,92.608
737,10.183,-39.555
738,-46.412,6.232
739,14.798,-11.018
740,7.7256,51.303
741,-20.389,69.138
742,-11.931,38.782
743,4.6671,87.956
744,6.6168,97.082
745,53.232,-48.951
746,22.42,-80.076
747,-47.204,53.108
748,5.6036,47.616
749,-11.51,70.092
750,-60.144,14.194
751,36.528,38.738
752,32.258,44.08
753,51.166,-49.575
754,12.03,83.458
755,41.643,74.138
756,-45.54,71.023
757,43.757,-50.368
758,13.491,-36.652
759,44.327,56.853
760,12.088,91.621
761,47.41,37.356
762,-13.165,53.782
763,-0.49826,26.796
764,7.0797,-17.237
765,26.557,91.271
766,-23.084,19.275
767,30.27,-49.577
768,-5.6232,59.662
769,67.696,-60.933
770,-40.632,82.894
771,-25.606,21.365
772,30.659,-87.83
773,30.557,74.124
774,48.954,-54.714
775,-81.463,21.708
776,-34.208,83.696
777,9.3949,54.398
778,17.659,-42.548
779,54.772,51.433
780,-24.515,70.532
781,-91.065,13.534
782,12.38,55.167
783,56.151,-67.343
784,-2.732,35.578
785,-14.508,-29.024
786,-9.3819,63.697
787,-54.835,74.504
788,14.187,-46.272
789,4.6937,77.407
790,53.262,-45.84
791,-21.763,20.086
792,-93.978,-8.4074
793,-34.079,46.587
794,-52.99,66.722
795,-83.069,17.867
796,-3.8004,56.481
797,-30.225,49.221
798,-37.802,30.191
799,-46.19,45.054
800,9.8294,49.005
801,-67.818,66.395
802,21.943,6.1686
803,32.264,79.223
804,52.656,-59.392
805,14.787,55.389
806,9.8422,68.43
807,51.522,26.544
808,50.817,-54.036
809,-41.566,8.4409
810,-16.87,-24.014
811,14.229,47.53
812,-18.82,-29.4
813,40.878,40.538
814,57.057,-57.337
815,-7.2248,20.781
816,-4.964,85.26
817,-33.521,69.127
818,30.906,14.775
819,46.906,-3.7797
820,42.48,-5.7358
821,-77.945,58.746
822,-53.268,-33.335
823,15.779,-10.15
824,-30.052,49.361
825,-52.169,-11.177
826,11.218,31.973
827,22.89,-43.334
828,47.744,44.051
829,8.0182,77.055
830,13.034,85.201
831,20.95,-42.465
832,37.317,37.743
833,1.4104,18.291
834,19.726,22.282
835,-59.449,49.699
836,-61.29,-7.535
837,-69.625,72.303
838,-33.797,-0.79022
839,-0.30337,21.658
840,35.697,-87.634
841,-1.9663,14.407
842,50.661,-52.421
843,-44.678,56.124
844,-45.106,-17.183
845,31.665,-60.03
846,-41.122,-32.614
847,-42.864,76.18
848,52.152,-66.732
849,31.837,-50.758
850,-54.352,-21.47
851,-91.832,12.985
852,-41.756,53.681
853,13.417,91.056
854,-22.962,90.079
855,-13.135,53.697
856,59.253,62.106
857,12.744,-17.881
858,57.292,46.963
859,26.03,-50.58
860,16.51,58.169
861,4.0739,85.864
862,40.732,-50.963
863,-22.381,69.708
864,22.568,-6.8548
865,-22.402,69.728
866,-18.073,56.872
867,13.719,34.611
868,-58.807,-9.1583
869,42.319,76.027
870,12.028,49.384
871,28.73,6.032
872,-47.574,63.194
873,22.939,-43.622
874,-60.605,43.319
875,-13.774,56.469
876,-12.146,-64.374
877,63.131,43.88
878,-45.692,70.349
879,-14.086,-55.011
880,0.91005,43.653
881,-17.875,68.215
882,12.771,-41.275
883,-62.125,56.356
884,-10.672,61.299
885,-20.972,16.704
886,22.233,53.297
887,-39.239,28.375
888,-40.647,8.3653
889,-49.933,63.57
890,26.461,-86.963
891,19.722,-86.696
892,-65.837,63.197
893,37.799,32.621
894,-2.5684,32.353
895,19.728,-48.064
896,36.059,22.243
897,6.9373,96.477
898,54.537,49.207
899,-37.704,84.712
900,-27.656,36.071
901,5.4297,54.001
902,15.231,-3.5391
903,-36.513,42.372
904,-59.27,69.293
905,-1.3006,51.061
906,32.581,-50.91
907,13.992,-35.382
908,-35.726,38.161
909,-64.649,74.137
910,38.237,20.285
911,-6.136,88.992
912,28.402,39.19
913,5.1101,79.812
914,62.778,-24.861
915,14.04,47.658
916,-25.369,19.177
917,-54.892,31.206
918,35.736,67.161
919,29.953,16.462
920,-26.934,58.355
921,-15.862,63.401
922,38.159,86.378
923,10.985,90.958
924,-51.018,31.846
925,57.214,-62.784
926,4.4867,63.778
927,-47.902,27.356
928,-57.116,28.811
929,-14.177,64.968
930,-56.337,-11.633
931,-62.925,46.979
932,-18.348,21.585
933,-9.5616,-70.937
934,-17.978,-40.016
935,43.786,-58.786
936,0.28279,-76.783
937,-10.531,-52.192
938,5.1307,-67.614
939,11.958,-47.722
940,20.017,-42.907
941,-57.201,-9.9877
942,35.683,-31.586
943,-25.835,67.352
944,13.815,47.308
945,52.103,-69.341
946,-10.253,33.426
947,-9.815,64.007
948,-39.312,75.496
949,88.766,-21.782
950,51.461,-17.27
951,33.656,59.486
952,59.923,59.844
953,45.06,0.80216
954,18.136,-39.163
955,55.999,-67.118
956,29.241,-35.372
957,-9.6488,-92.802
958,-4.7144,54.715
959,-36.554,46.514
960,25.492,-93.199
961,14.376,75.66
962,-31.575,43.709
963,-48.222,30.029
964,-18.398,-23.081
965,-52.585,79.935
966,-45.815,67.238
967,13.353,-42.588
968,-53.779,-18.614
969,19.82,-40.846
970,17.369,83.961
971,42.843,74.626
972,58.855,-64.45
973,-49.668,-13.233
974,-55.047,-9.1238
975,17.303,59.862
976,0.13462,-59.905
977,57.213,-74.074
978,27.923,-80.453
979,-32.612,0.16241
980,4.6228,67.77
981,45.01,0.50126
982,-5.4988,54.454
983,32.514,64.008
984,-39.072,30.517
985,22.227,84.222
986,33.205,64.731
987,35.63,65.308
988,2.1294,69.83
989,-36.795,42.992
990,-63.181,71.652
991,-58.905,72.87
992,-22.064,43.454
993,58.128,42.343
994,7.9398,70.118
995,33.536,13.622
996,-57.254,22.908
997,-29.118,4.9728
998,7.7417,58.458
999,21.428,54.529
1000,-41.61,-20.945
1001,-38.385,81.846
1002,5.0512,83.42
1003,22.76,21.166
1004,51.89,-29.021
1005,-6.1621,60.591
1006,46.921,-41.289
1007,41.057,-44.322
1008,72.658,-5.4035
1009,-12.682,17.777
1010,-31.711,-0.91193
1011,-10.07,66.859
1012,0.40826,15.655
1013,-57.185,-12.56
1014,-67.872,39.242
1015,35.015,-73.163
1016,-15.857,65.159
1017,12.999,51.608
1018,-24.275,51.94
1019,-12.853,-54.59
1020,-34.81,27.966
1021,95.264,23.81
1022,69.015,47.316
1023,-33.217,19.558
1024,51.43,57.7
1025,26.536,-49.27
1026,-49.256,-23.058
1027,-12.214,92.327
1028,38.492,12.416
1029,-63.475,-30.355
1030,53.585,-13.944
1031,-43.895,11.132
1032,39.836,12.439
1033,-28.844,-77.079
1034,52.352,25.169
1035,-11.202,52.607
1036,-47.978,43.226
1037,12.949,51.502
1038,20.132,-40.231
1039,36.295,33.261
1040,51.506,-17.287
1041,7.7487,50.088
1042,91.248,44.522
1043,-3.4797,69.97
1044,-30.871,2.4265
1045,60.507,-61.861
1046,26.009,28.178
1047,21.616,-42.77
1048,-42.584,42.825
1049,-38.967,29.983
1050,-6.2701,74.8
1051,23.194,47.381
1052,-7.896,-88.909
1053,-53.669,-44.301
1054,-53.88,-18.986
1055,-2.9824,49.695
1056,22.775,-78.557
1057,4.6215,-47.008
1058,33.876,26.507
1059,-51.054,-16.153
1060,-42.563,52.448
1061,-39.554,43.457
1062,6.7182,53.292
1063,-55.386,-27.926
1064,-62.358,75.235
1065,32.034,85.185
1066,55.839,-73.776
1067,-60.042,31.508
1068,16.245,-62.323
1069,-53.152,77.281
1070,14.88,-33.062
1071,49.617,-51.617
1072,-34.795,86.233
1073,-16.304,70.921
1074,-23.267,-74.616
1075,-35.668,63.735
1076,-57.431,72.636
1077,-44.303,-7.3993
1078,-56.664,-19.424
1079,-38.925,86.036
1080,-20.542,-29.029
1081,33.102,6.6857
1082,37.23,-32.373
1083,20.291,2.0945
1084,23.428,52.71
1085,-60.044,-31.14
1086,-37.421,58.287
1087,-9.4144,41.629
1088,-6.6493,25.717
1089,-56.2,-10.462
1090,-58.498,53.826
1091,-51.454,-14.542
1092,69.118,-38.81
1093,53.143,-63.7
1094,37.851,-42.039
1095,67.036,-61.711
1096,-41.439,78.012
1097,84.37,-8.3115
1098,47.667,-6.6847
1099,76.054,-38.993
1100,43.952,-43.746
1101,21.389,-48.328
1102,77.107,43.061
1103,39.92,15.77
1104,-20.702,71.506
1105,-51.987,-52.232
1106,-33.904,5.5635
1107,-55.531,-17.626
1108,-60.451,-0.85354
1109,-74.464,53.74
1110,34.654,3.2254
1111,-30.431,38.413
1112,-42.21,11.64
1113,68.459,-23.955
1114,34.599,-53.528
1115,-51.289,-23.366
1116,19.148,-63.691
1117,26.115,79.442
1118,30.252,-4.4369
1119,-20.968,60.272
1120,44.863,8.1823
1121,28.911,98.519
1122,37.45,-64.312
1123,43.303,-24.043
1124,-56.251,-22.233
1125,-11.881,31.035
1126,4.0116,58.223
1127,34.188,9.2068
1128,25.519,-61.5
1129,9.559,46.232
1130,-59.348,45.681
1131,-55.1,-35.999
1132,-71.569,-20.685
1133,19.341,-84.039
1134,25.482,65.928
1135,46.698,-41.206
1136,30.684,-86.467
1137,-37.422,-10.337
1138,-57.184,24.872
1139,-4.6892,43.24
1140,63.193,49.606
1141,-49.966,-30.718
1142,-42.85,34.18
1143,-10.093,57.879
1144,55.699,-56.041
1145,-70.666,65.37
1146,41.759,-40.884
1147,22.022,-60.816
1148,68.44,34.373
1149,21.573,-38.436
1150,4.0028,54.56
1151,-48.433,6.6584
1152,-63.349,28.131
1153,-16.647,56.063
1154,-53.83,81.646
1155,-9.1361,-84.861
1156,-30.652,18.146
1157,-31.203,6.2712
1158,44.061,-65.11
1159,23.825,74.502
1160,-75.007,-64.271
1161,-31.79,23.382
1162,16.957,50.625
1163,-30.122,-2.7315
1164,-35.553,77.533
1165,-2.4924,-88.876
1166,-41.027,92.74
1167,-22.562,-39.451
1168,0.47508,42.837
1169,66.007,55.823
1170,-18.428,22.113
1171,-24.274,89.679
1172,25.319,-27.879
1173,8.2741,84.261
1174,36.102,-44.925
1175,-55.284,-24.689
1176,11.522,-25.519
1177,-106.17,18.111
1178,-2.8031,43.072
1179,40.726,0.03943
1180,-8.372,57.293
1181,-90.995,17.296
1182,-52.75,-11.399
1183,-66.075,-62.35
1184,-1.9685,91.71
1185,33.704,-10.551
1186,41.639,-49.149
1187,-12.82,-57.193
1188,42.189,74.902
1189,-4.425,8.8403
1190,-50.679,-17.135
1191,24.751,90.621
1192,10.576,47.398
1193,23.088,-42.575
1194,-57.973,-14.374
1195,-33.37,-30.1
1196,-45.814,-9.3261
1197,-32.289,-3.8338
1198,-23.075,89.946
1199,-31.193,-75.746
1200,-47.196,60.493
1201,-4.7641,25.747
1202,28.78,31.543
1203,-48.305,51.646
1204,-39.899,-11.849
1205,-45.505,39.893
1206,32.853,22.353
1207,47.928,13.884
1208,43.08,-5.4509
1209,-88.85,21.155
1210,-62.63,-0.43584
1211,19.978,-46.818
1212,-48.195,6.1998
1213,-41.479,75.982
1214,54.766,-70.405
1215,0.53034,20
1216,25.71,-86.508
1217,-14.247,61.085
1218,-18.928,65.226
1219,-40.058,77.797
1220,-63.987,-27.852
1221,-38.438,11.597
1222,31.25,89.723
1223,-2.3983,28.724
1224,-42.483,64.76
1225,-14.463,97.42
1226,42.913,83.306
1227,-52.104,-23.842
1228,-54.157,-11.311
1229,7.3923,-0.4342
1230,-102.91,27.586
1231,-34.569,-30.874
1232,29.258,1.1962
1233,-44.563,74.86
1234,7.6309,76.86
1235,-24.886,14.902
1236,32.566,-82.159
1237,-79.877,-39.984
1238,-13.042,77.301
1239,16.3,-11.832
1240,-42.33,66.377
1241,-63.016,-30.729
1242,17.185,-47.24
1243,-16.751,65.642
1244,-20.654,91.959
1245,5.6861,-56.192
1246,-50.597,-16.307
1247,-38.818,60.703
1248,65.848,-43.481
1249,-70.323,-77.176
1250,82.418,27.247
1251,48.442,-63.532
1252,-21.026,67.979
1253,-54.905,-34.533
1254,63.372,43.613
1255,42.224,59.164
1256,19.686,-38.319
1257,41.17,70.779
1258,-61.852,67.675
1259,-55.983,-29.087
1260,-8.4675,-85.334
1261,-62.26,56.09
1262,-28.227,-71.542
1263,48.562,-57.903
1264,-32.013,0.39397
1265,-55.949,-17.519
1266,-45.103,-1.7801
1267,-40.866,34.032
1268,19.023,56.134
1269,16.902,55.68
1270,-4.4379,8.8658
1271,20.953,-69.501
1272,-58.443,-29.527
1273,-42.963,37.572
1274,5.4517,0.82701
1275,-12.505,63.473
1276,-36.656,-9.7
1277,-24.121,-37.117
1278,14,-48.808
1279,8.3402,55.289
1280,-35.146,51.627
1281,-55.005,-8.8546
1282,56.269,46.917
1283,-68.954,-32.118
1284,-36.918,26.364
1285,11.683,-66.649
1286,-31.299,38.743
1287,-21.979,43.589
1288,-31.613,44.992
1289,-61.651,4.3658
1290,53.989,-62.022
1291,-67.149,59.416
1292,31.704,-51.207
1293,-19.437,35.298
1294,10.008,-2.5107
1295,52.987,-15.96
1296,-34.723,14.467
1297,-61.665,34.848
1298,-8.5174,-64.574
1299,-5.9055,31.119
1300,17.4,-9.6657
1301,16.703,-79.944
1302,20.721,-50.93
1303,32.32,-53.127
1304,-76.135,55.485
1305,50.393,-60.39
1306,18.222,50.717
1307,19.766,-45.07
1308,-52.265,60.598
1309,7.6541,47.355
1310,-24.714,14.623
1311,26.608,-20.559
1312,-26.72,36.486
1313,-64.407,-38.842
1314,10.713,73.361
1315,43.831,-89.184
1316,68.007,-61.257
1317,23.662,-40.181
1318,-55.949,-9.2476
1319,-35.999,21.942
1320,-59.066,-8.907
1321,-48.284,27.418
1322,-29.762,23.304
1323,-46.914,83.393
1324,-82.796,24.026
1325,-47.572,30.307
1326,-59.959,-78.69
1327,47.695,39.003
1328,-57.411,-14.643
1329,-26.151,2.8455
1330,15.579,6.1227
1331,-1.3247,60.013
1332,-3.3198,-56.496
1333,18.642,-37.293
1334,56.249,-11.872
1335,52.696,45.982
1336,9.5134,67.534
1337,-89.703,27.617
1338,-46.356,27.581
1339,-3.4315,-75.589
1340,-29.157,71.237
1341,4.7309,50.522
1342,-5.6804,-22.55
1343,-50.47,41.685
1344,-61.301,-31.803
1345,-40.221,40.554
1346,13.431,-43.353
1347,29.568,-36.358
1348,-51.707,66.603
1349,-58.024,-8.1781
1350,41.989,46.874
1351,-48.029,30.163
1352,-13.849,59.425
1353,-54.229,75.539
1354,43.797,71.097
1355,-48.409,-20.178
1356,65.766,-43.602
1357,8.842,-36.319
1358,-51.122,41.368
1359,50.082,-52.396
1360,-53.514,-57.708
1361,13.739,34.555
1362,19.62,21.115
1363,3.3569,-38.553
1364,54.548,59.045
1365,-55.286,30.062
1366,-47.129,46.814
1367,-51.698,42.376
1368,37.126,-84.096
1369,59.361,-24.718
1370,-50.404,-7.4948
1371,17.299,58.546
1372,-41.649,72.14
1373,36.284,1.0364
1374,-12.873,-54.857
1375,41.118,-74.582
1376,-14.429,49.89
1377,-42.84,47.449
1378,48.764,-60.863
1379,-59.097,-7.4416
1380,-42.796,10.54
1381,50.281,-15.772
1382,-1.1241,-48.404
1383,-33.211,43.055
1384,-53.124,-24.167
1385,-43.314,72.118
1386,-27.635,52.501
1387,-20.115,-23.009
1388,14.228,-6.1272
1389,39.679,-3.2322
1390,39.539,-49.631
1391,-41.947,60.554
1392,24.149,-41.961
1393,-46.409,-32.759
1394,43.002,31.511
1395,-81.858,20.891
1396,-12.648,63.236
1397,-55.009,-58.011
1398,-54.365,0.38466
1399,-30.56,67.398
1400,-1.9796,50.01
1401,-28.272,35.628
1402,39.084,-26.695
1403,-63.934,-36.682
1404,-56.955,50.649
1405,-64.421,69.744
1406,26.042,-77.642
1407,-31.259,38.786
1408,31.988,47.432
1409,7.0514,-15.519
1410,-59.826,-27.894
1411,-55.422,2.5694
1412,-41.482,33.261
1413,-42.937,13.703
1414,12.342,96.574
1415,15.108,49.982
1416,-30.776,5.2769
1417,-61.592,-27.858
1418,-42.189,42.166
1419,-55.398,-8.3295
1420,0.075725,23.638
1421,41.953,0.96485
1422,-16.26,-26.753
1423,-53.922,-19.187
1424,45.702,49.907
1425,-53.556,-59.197
1426,10.998,-41.201
1427,-51.842,43.383
1428,-46.603,-39.474
1429,-23.474,89.857
1430,-65.215,-30.388
1431,3.028,39.496
1432,19.506,50.531
1433,27.484,39.039
1434,7.7462,-53.654
1435,50.333,41.732
1436,46.574,41.719
1437,33.356,-78.122
1438,-53.046,77.252
1439,35.086,71.468
1440,-48.392,29.852
1441,-35.877,21.52
1442,21.093,54.375
1443,6.566,55.565
1444,76.618,-4.0081
1445,-21.812,54.932
1446,-44.088,-14.294
1447,-39.728,37.551
1448,-33.954,7.775
1449,9.914,-35.728
1450,60.219,-43.607
1451,-18.271,89.831
1452,-44.131,51.672
1453,52.92,49.331
1454,-59.327,32.541
1455,-37.245,23.168
1456,-54.209,-10.211
1457,-61.462,62.924
1458,-58.91,-7.3979
1459,-60.783,22.438
1460,-48.18,-42.003
1461,-37.062,20.24
1462,7.5175,-18.002
1463,33.124,79.097
1464,33.98,-52.231
1465,-42.974,37.689
1466,-39.425,30.102
1467,-55.879,-28.584
1468,23.778,81.983
1469,-15.797,-22.143
1470,53.718,-81.896
1471,-27.303,59.794
1472,71.02,-52.515
1473,68.469,46.404
1474,8.8751,-36.914
1475,-31.421,41.279
1476,-51.138,81.37
1477,51.054,77.593
1478,-50.369,-31.29
1479,-52.89,-21.981
1480,-12.707,-53.229
1481,-71.952,29.519
1482,29.397,-45.868
1483,-37.859,3.1628
1484,2.4221,4.5584
1485,-23.196,90.153
1486,-72.185,61.797
1487,10.564,85.07
1488,2.7993,75.888
1489,-44.135,47.049
1490,-78.439,-30.33
1491,13.922,-59.772
1492,-62.558,-32.268
1493,-81.964,-21.204
1494,-56.358,-26.218
1495,-59.51,49.183
1496,-8.9041,-77.005
1497,51.506,69.142
1498,-19.924,62.384
1499,-52.288,-23.143
1500,-21.066,53.912
1501,-37.524,22.437
1502,-62.263,28.593
1503,52.719,60.572
1504,29.638,-83.051
1505,-57.089,-14.479
1506,-50.415,54.711
1507,-50.996,-11.967
1508,-27.764,87.803
1509,-16.979,82.886
1510,-60.758,-30.626
1511,-4.5181,23.4
1512,34.226,-66.97
1513,-27.048,50.983
1514,-48.184,-30.305
1515,32.636,21.647
1516,-11.46,-53.511
1517,-41.866,19.481
1518,-31.84,45.093
1519,35.778,21.693
1520,6.5088,-12.846
1521,68.146,40.519
1522,-6.5501,94.206
1523,-17.873,18.382
1524,7.4175,-50.639
1525,-16.36,65.226
1526,-103.79,17.882
1527,-43.898,18.255
1528,-57.35,50.676
1529,-42.79,63.314
1530,-58.825,55.933
1531,-78.142,-29.323
1532,-43.64,37.755
1533,22.858,-40.478
1534,73.221,-45.224
1535,-89.967,27.561
1536,34.172,-65.27
1537,-0.77398,30.08
1538,34.878,-60.175
1539,91.642,-57.353
1540,-3.8008,68.895
1541,73.068,-49.822
1542,22.184,53.497
1543,-60.314,21.908
1544,56.988,48.04
1545,-36.733,65.236
1546,-7.4041,55.536
1547,-51.145,-19.714
1548,-44.169,18.047
1549,-60.341,46.77
1550,57.143,40.893
1551,-34.086,-6.8127
1552,-57.67,-9.8655
1553,-41.601,36.326
1554,-32.888,-28.51
1555,-86.08,21.644
1556,43.646,13.483
1557,38.059,34.706
1558,21.769,-84.14
1559,9.3064,84.136
1560,29.648,73.701
1561,-6.0453,29.714
1562,-63.019,18.032
1563,-52.169,45.036
1564,-27.899,58.121
1565,30.236,-45.435
1566,-48.98,78.816
1567,-8.2669,65.192
1568,-63.017,32.398
1569,-47.925,-41.874
1570,-63.768,27.903
1571,99.41,-66.516
1572,-23.103,91.47
1573,-20.406,-22.282
1574,-51.718,39.195
1575,-69.827,-25.8
1576,-64.508,-26.237
1577,-71.668,-21.342
1578,29.33,17.057
1579,24.178,-41.132
1580,56.092,-58.122
1581,-62.885,64.702
1582,-59.291,28.806
1583,30.129,40.38
1584,-75.405,-73.195
1585,-85.637,21.411
1586,15.513,-2.8781
1587,-73.846,-46.821
1588,-54.147,-19.165
1589,-19.62,78.812
1590,-47.976,8.9113
1591,-48.712,30.708
1592,-26.254,45.713
1593,32.34,10.105
1594,-50.86,40.643
1595,25.055,-51.57
1596,11.499,-67.537
1597,-33.66,8.1747
1598,-39.591,75.47
1599,40.658,5.4511
1600,30.049,-36.312
1601,-62.365,-31.426
1602,-51.081,40.163
1603,-61.072,-7.4579
1604,-42.747,72.215
1605,-5.764,-93.239
1606,31.648,74.826
1607,-61.655,-65.195
1608,-51.03,-28.445
1609,8.904,37.377
1610,13.657,-10.831
1611,-0.19657,51.077
1612,-53.785,-22.625
1613,4.1546,42.352
1614,-45.882,28.499
1615,55.936,-82.695
1616,-17.655,-79.946
1617,-9.8487,69.501
1618,-59.887,-31.062
1619,-60.417,-22.305
1620,-26.819,62.415
1621,27.991,-1.5088
1622,74.809,51.826
1623,11.755,-0.15047
1624,-50.428,41.576
1625,-12.207,-51.679
1626,29.231,-47.354
1627,48.139,-46.601
1628,14.46,11.143
1629,-83.014,18.431
1630,-56.407,-32.714
1631,-44.874,44.655
1632,-38.643,57.595
1633,-56.696,44.733
1634,53.958,-67.755
1635,61.203,59.524
1636,-8.1511,72.718
1637,-38.207,1.1849
1638,-40.318,-40.328
1639,0.36874,-60.09
1640,-51.628,66.522
1641,22.663,54.693
1642,-55.662,-32.626
1643,-15.941,-24.252
1644,-53.482,46.203
1645,-62.548,0.014609
1646,-45.213,-39.444
1647,-2.946,-56.26
1648,-17.47,84.637
1649,-12.088,88.922
1650,16.48,-28.555
1651,30.393,29.428
1652,-53.911,33.076
1653,-47.943,7.3705
1654,-10.889,64.731
1655,-53.345,-10.206
1656,36.374,-62.715
1657,9.2495,40.238
1658,-34.295,-31.344
1659,-33.34,25.564
1660,-25.559,27.65
1661,-21.966,-72.704
1662,-62.53,32.605
1663,-18.267,-79.742
1664,18.445,-41.853
1665,-40.634,48.059
1666,-59.333,-8.4939
1667,-46.889,43.068
1668,-59.158,-9.4393
1669,-37.783,30.649
1670,10.24,83.23
1671,52.492,-9.6083
1672,63.003,48.076
1673,9.935,-4.0266
1674,2.6516,17.084
1675,22.801,53.781
1676,-62.523,-32.076
1677,-41.611,33.149
1678,-55.389,-17.437
1679,-53.719,-15.474
1680,-66.034,69.329
1681,-18.964,57.041
1682,-68.961,-32.012
1683,26.208,-47.656
1684,-59.205,21.235
1685,-67.178,-13.788
1686,-39.177,44.131
1687,-40.416,43.912
1688,33.227,-72.536
1689,-10.181,-64.153
1690,-20.547,-35.886
1691,-65.191,67.525
1692,-19.495,-22.78
1693,-62.49,27.174
1694,-70.833,-24.541
1695,62.848,41.992
1696,-59.839,69.657
1697,-59.357,-7.8646
1698,-59.317,-25.239
1699,57.984,60.271
1700,50.566,53.523
1701,-39.739,27.123
1702,-28.365,47.654
1703,-13.069,75.16
1704,-46.021,40.353
1705,-65.951,24.537
1706,37.38,77.677
1707,-53.113,-25.764
1708,3.9298,78.979
1709,-57.186,-10.582
1710,-65.424,59.704
1711,55.926,-73.943
1712,-71.225,-28.922
1713,-47.991,42.187
1714,27.749,-85.784
1715,29.642,49.492
1716,3.429,93.587
1717,-56.776,29.213
1718,-30.397,54.939
1719,-32.977,22.886
1720,51.096,41.456
1721,-12.88,38.9
1722,-54.806,-34.292
1723,-52.549,72.763
1724,-42.722,64.687
1725,-57.996,46.439
1726,9.7169,46.269
1727,-30.726,38.516
1728,-61.158,-10.973
1729,-58.552,-7.2813
1730,-0.68145,-14.995
1731,-15.549,65.14
1732,-31.803,38.726
1733,56.572,40.699
1734,-49.848,-30.196
1735,-49.459,-15.776
1736,-60.156,35.192
1737,-70.8,72.025
1738,16.235,63.636
1739,-42.431,77.718
1740,-52.992,43.598
1741,-16.917,82.683
1742,-33.53,50.008
1743,64.478,-45.05
1744,-28.251,15.26
1745,-57.358,-14.666
1746,-2.2977,49.928
1747,13.022,99.564
1748,32.291,-2.6146
1749,-57.518,-7.023
1750,-23.383,15.675
1751,19.211,26.179
1752,11.104,85.963
1753,-34.97,18.641
1754,-51.299,52.862
1755,50.894,-52.79
1756,28.42,5.4454
1757,51.717,-19.688
1758,-46.865,-13.095
1759,36.509,3.9182
1760,-47.474,-18.479
1761,57.026,47.761
1762,21.163,-50.858
1763,-18.774,37.469
1764,-13.936,86.364
1765,-58.385,61.033
1766,41.911,86.272
1767,-37.59,-72.672
1768,-6.5433,59.31
1769,-49.132,14.08
1770,-43.297,5.2458
1771,-42.027,8.2765
1772,57.819,40.791
1773,51.33,63.954
1774,-52.036,70.429
1775,-59.902,-12.302
1776,-61.833,36.225
1777,2.5011,-7.016
1778,-62.517,-31.429
1779,16.893,-80.627
1780,-29.604,62.316
1781,-44.576,57.984
1782,-48.044,59.915
1783,6.025,57.904
1784,78.576,33.347
1785,12.751,38.751
1786,-21.563,91.799
1787,-71.642,49.773
1788,-55.398,46.429
1789,16.24,27.977
1790,65.299,44.93
1791,-12.657,-54.42
1792,-46.886,-20.046
1793,-74.414,-6.0103
1794,-45.985,-8.6605
1795,23.707,-45.396
1796,-5.0963,52.089
1797,-23.905,7.1495
1798,-59.109,-17.658
1799,-56.222,-9.2148
1800,-60.405,-6.6503
1801,8.388,16.436
1802,14.847,-7.1946
1803,28.784,38.685
1804,24.104,49.636
1805,-83.026,17.806
1806,-35.387,-4.1895
1807,-14.267,55.955
1808,-44.455,83.059
1809,-41.858,20.297
1810,64.247,51.555
1811,-43.645,59.23
1812,22.263,91.148
1813,58.004,46.714
1814,32.208,-51.706
1815,25.38,28.498
1816,-19.97,8.5756
1817,16.752,-97.87
1818,-26.363,15.302
1819,-9.5542,29.048
1820,-11.262,64.48
1821,-47.61,63.293
1822,-51.27,-49.901
1823,-58.563,61.2
1824,31.906,8.5656
1825,18.924,-92.431
1826,-28.66,53.535
1827,14.353,74.297
1828,-8.685,4.054
1829,2.5278,94.22
1830,-96.83,24.223
1831,-64.264,-36.971
1832,-43.352,50.422
1833,25.661,19.2
1834,40.018,-45.443
1835,-59.599,-30.454
1836,-59.758,68.892
1837,-46.419,87.995
1838,-42.5,-4.5109
1839,-47.915,-41.94
1840,58.71,40.455
1841,-52.081,-7.0086
1842,-61.602,64.075
1843,-56.477,35.376
1844,20.187,22.765
1845,-39.605,77.625
1846,69.328,-2.9289
1847,-29.239,-77.279
1848,60.472,60.565
1849,-19.114,-81.698
1850,-91.025,13.432
1851,-102.43,26.67
1852,10.073,-39.317
1853,13.046,-41.829
1854,-76.502,55.986
1855,-56.166,-29.72
1856,18.419,-57.009
1857,-50.907,40.57
1858,-57.013,24.506
1859,-5.6592,41.964
1860,-50.818,-16.757
1861,43.535,0.9405
1862,24.003,93.519
1863,56.957,43.323
1864,69.468,41.169
1865,-55.17,-28.977
1866,-35.393,4.0212
1867,-57.754,-87.564
1868,4.6546,80.355
1869,-12.271,-47.517
1870,-41.562,73.317
1871,66.399,-46.641
1872,-25.227,13.057
1873,-13.959,89.451
1874,17.427,76.818
1875,-22.532,-39.327
1876,-39.873,-7.724
1877,-48.315,48.961
1878,-55.076,2.1371
1879,4.659,55.029
1880,11.697,-40.8
1881,34.534,-80.288
1882,-43.617,42.298
1883,-78.528,-54.505
1884,-101.89,21.447
1885,27.342,-52.905
1886,-54.882,2.4154
1887,-44.834,9.0983
1888,-40.095,-68.751
1889,13.34,-35.513
1890,20.056,-6.4626
1891,5.0737,-67.354
1892,4.1828,80.258
1893,1.7109,72.01
1894,9.3978,68.325
1895,-22.619,31.365
1896,25.865,-84.657
1897,67.57,-47.27
1898,44.296,76.67
1899,18.442,-45.844
1900,-68.199,74.011
1901,74.491,50.945
1902,6.0114,35.405
1903,46.503,-86.84
1904,-45.32,35.71
1905,-15.022,-54.252
1906,-47.996,30.011
1907,-51.172,-17.068
1908,-65.293,70.494
1909,-4.544,43.242
1910,29.961,-71.572
1911,-49.166,-40.065
1912,-70.597,-22.721
1913,19.323,-56.721
1914,-30.623,38.602
1915,27.451,-80.578
1916,-24.323,92.389
1917,-50.182,-24.727
1918,-19.736,-80.101
1919,11.3,-66.314
1920,-19.162,55.646
1921,14.227,8.163
1922,-24.688,12.499
1923,-0.015879,-76.266
1924,-17.148,30.476
1925,-34.092,90.626
1926,26.229,-60.193
1927,-63.802,-27.804
1928,-62.064,59.456
1929,0.29309,25.412
1930,-28.178,83.324
1931,7.9755,56.719
1932,2.9919,-17.993
1933,41.017,34.072
1934,-46.824,62.867
1935,-89.758,27.296
1936,-54.232,64.53
1937,-39.49,51.101
1938,70.699,41.453
1939,21.367,44.071
1940,-68.183,71.81
1941,-54.388,-8.554
1942,26.222,-81.769
1943,-1.4978,-43.662
1944,49.676,41.15
1945,55.522,41.588
1946,-60.267,-27.486
1947,22.455,-81.755
1948,-52.196,43.508
1949,-50.949,40.458
1950,-51.328,-19.563
1951,5.6185,63.951
1952,78.024,-54.51
1953,8.1063,-15.874
1954,44.606,27.883
1955,-31.051,43.289
1956,-60.002,-7.3037
1957,-5.9007,92.53
1958,27.668,-41.255
1959,-57.306,-14.578
1960,30.116,57.327
1961,30.119,15.044
1962,5.3864,77.076
1963,53.552,-70.116
1964,-48.671,-43.149
1965,1.7958,37.244
1966,-45.271,18.682
1967,-38.832,28.107
1968,-10.772,29.432
1969,23.956,41.08
1970,21.778,-81.801
1971,-57.11,28.22
1972,-25.842,27.273
1973,-81.857,21.598
1974,19.176,1.0799
1975,-58.969,-9.1201
1976,10.266,-58.575
1977,23.132,90.83
1978,-41.683,34.778
1979,-46.152,80.633
1980,57.905,-11.996
1981,-54.954,2.5321
1982,-51.144,-13.924
1983,-51.216,60.741
1984,-9.2913,69.66
1985,-52.352,60.03
1986,-38.354,80.53
1987,25.961,-39.958
1988,-50.117,69.703
1989,-60.37,-32.315
1990,-41.89,10.464
1991,24.887,-81.796
1992,-67.825,-59.426
1993,8.7627,-1.8151
1994,-70.937,-28.215
1995,46.789,48.889
1996,-42.561,35.177
1997,30.461,-48.368
1998,12.823,73.345
1999,-51.126,80.861
2000,21.872,53.932
2001,-65.74,66.213
2002,20.02,-83.484
2003,-4.5643,37.331
2004,-35.492,-14.803
2005,-61.848,-82.315
2006,67.494,-47.435
2007,8.5474,-56.416
2008,-25.03,94.137
2009,-2.5395,28.691
2010,-46.798,-19.744
2011,-8.5112,52.269
2012,4.0016,0.13477
2013,16.211,64.055
2014,-57.254,28.738
2015,-82.886,25.53
2016,-60.584,-6.8738
2017,77.984,52.945
2018,44.751,75.515
2019,6.4547,70.612
2020,32.619,78.576
2021,9.0439,16.34
2022,35.938,-67.988
2023,-13.9,50.148
2024,-7.8567,29.222
2025,-25.009,47.191
2026,20.327,-52.402
2027,4.6334,79.509
2028,-46.455,80.778
2029,-28.457,-0.38549
2030,36.814,-79.318
2031,11.879,-35.247
2032,1.9475,52.608
2033,-6.1315,13.101
2034,-71.586,-20.903
2035,-61.722,35.169
2036,-32.949,45.044
2037,26.004,-1.0329
2038,9.2623,84.171
2039,-43.584,55.096
2040,-42.456,-39.789
2041,-30.048,0.84528
2042,67.058,46.621
2043,8.5005,-14.063
2044,-41.95,74.336
2045,-47.805,6.1302
2046,75.963,-37.088
2047,-34.171,-9.4165
2048,-54.949,45.653
2049,39.141,-90.294
2050,-59.729,70.31
2051,-10.821,67.3
2052,87.076,-26.417
2053,-53.142,66.318
2054,-77.283,-51.484
2055,-26.911,29.019
2056,-46.279,39.828
2057,-19.892,77.289
2058,9.8773,-1.9126
2059,31.533,-59.151
2060,-52.685,26.794
2061,-33.894,32.614
2062,-55.716,-18.305
2063,-68.605,-14.921
2064,56.165,49.836
2065,-63.953,72.896
2066,-103.64,19.241
2067,-39.221,75.608
2068,-13.576,-80.303
2069,35.924,63.368
2070,-15.001,-79.575
2071,46.146,49.961
2072,49.294,-47.069
2073,-22.595,-24.643
2074,-48.875,61.872
2075,-37.64,40.876
2076,-57.929,54.161
2077,-10.297,-65.074
2078,7.3097,-13.845
2079,-52.939,63.299
2080,-47.896,29.677
2081,-28.051,59.566
2082,-22.803,71.927
2083,-48.8,-34.392
2084,39.098,-61.418
2085,-9.363,-76.821
2086,39.611,-67.382
2087,5.5805,-11.574
2088,4.1271,94.099
2089,-55.35,-25.061
2090,-57.511,-16.329
2091,-28.584,28.83
2092,30.169,-59.196
2093,41.724,74.762
2094,81.391,32.005
2095,-40.761,2.3769
2096,-42.285,35.139
2097,-48.979,-51.89
2098,-26.171,2.9132
2099,-49.089,-20.372
2100,-73.004,-63.235
2101,-50.051,87.143
2102,22.521,23.799
2103,-46.716,-24.22
2104,-63.592,28.146
2105,-42.009,-42.096
2106,13.465,-41.202
2107,-40.084,37.799
2108,-57.03,-12.255
2109,-46.347,45.33
2110,18.627,-9.4638
2111,-6.7505,46.113
2112,-57.201,-23.08
2113,-12.033,-57.263
2114,29.984,16.095
2115,20.915,23.823
2116,-32.229,74.268
2117,31.236,0.53932
2118,-42.813,81.487
2119,-41.82,78.981
2120,-31.664,91.483
2121,-20.799,59.845
2122,-46.851,46.506
2123,44.026,72.237
2124,-58.46,66.842
2125,-35.762,70.026
2126,53.589,72.457
2127,20.864,-85.118
2128,85.716,-6.6432
2129,32.112,-47.069
2130,-51.753,42.555
2131,-2.7808,42.864
2132,-66.103,-61.632
2133,-50.632,-31.626
2134,-39.64,43.012
2135,-16.262,-83.375
2136,28.546,37.246
2137,-44.482,38.227
2138,-57.616,-18.014
2139,41.157,-68.354
2140,-50.682,28.145
2141,-56.595,55.862
2142,-12.55,-53.167
2143,-43.181,-5.1404
2144,-65.543,66.171
2145,-17.827,83.59
2146,-53.28,78.067
2147,-48.33,-20.07
2148,-16.476,63.775
2149,-36.82,41.344
2150,-16.253,93.608
2151,-48.252,-68.959
2152,61.744,50.15
2153,4.0166,0.14231
2154,-7.9465,-70.893
2155,-56.823,-6.4416
2156,-60.382,-6.5922
2157,-65.893,-79.965
2158,37.764,37.22
2159,-38.599,27.571
2160,-61.874,56.264
2161,-3.8685,93.722
2162,56.784,-67.789
2163,-32.617,12.92
2164,4.9361,87.562
2165,-48.439,-41.857
2166,-15.71,-24.858
2167,-100.99,-12.999
2168,-40.175,79.504
2169,75.158,-5.2902
2170,-60.362,32.813
2171,51.487,-61.232
2172,-57.335,-16.19
2173,-56.389,45.697
2174,59.021,44.317
2175,-10.808,67.537
2176,-51.322,-15.214
2177,56.089,62.605
2178,-50.954,31.765
2179,-50.985,40.328
2180,-18.141,52.703
2181,-61.222,-10.076
2182,11.472,-40.974
2183,-12.503,90.17
2184,12.481,-22.107
2185,-18.115,68.349
2186,-62.446,73.101
2187,-49.635,-26.086
2188,-49.08,42.246
2189,-9.5356,82.806
2190,3.3062,54.419
2191,-52.1,-48.124
2192,44.667,58.08
2193,-58.545,71.7
2194,-25.57,49.022
2195,-51.339,25.992
2196,28.475,-0.42329
2197,-28.748,35.357
2198,-64.56,68.788
2199,32.534,29.345
2200,-14.606,14.492
2201,47.605,39.553
2202,-57.739,-27.777
2203,-34.256,-31.262
2204,19.995,18.113
2205,-68.665,66.301
2206,-9.4518,-68.847
2207,25.958,85.907
2208,-37.612,-76.294
2209,37.558,-76.731
2210,3.599,60.824
2211,-18.162,76.684
2212,19.369,49.198
2213,11.878,-41.207
2214,37.823,53.054
2215,-70.641,-54.31
2216,53.95,-86.205
2217,-54.155,71.92
2218,-14.515,-75.814
2219,59.149,59.773
2220,8.6372,69.371
2221,-41.198,7.7754
2222,-54.449,-18.347
2223,-35.337,44.347
2224,-40.439,76.436
2225,-7.2626,80.889
2226,-61,-28.158
2227,-41.305,37.896
2228,-53.77,-17.643
2229,-23.973,57.753
2230,-20.549,-28.024
2231,-64.597,59.056
2232,-41.46,72.725
2233,-16.209,56.397
2234,56.026,47.278
2235,58.68,39.973
2236,-31.217,38.757
2237,4.9268,72.147
2238,32.803,-45.959
2239,-54.12,54.469
2240,-52.718,-13.015
2241,-0.34792,68.631
2242,57.79,61.694
2243,24.209,-46.812
2244,20.587,-50.756
2245,-33.669,8.0919
2246,-30.576,54.566
2247,12.743,-80.409
2248,-20.508,89.404
2249,-6.6427,-75.274
2250,-19.276,-71.584
2251,66.38,53.487
2252,-57.623,-9.8535
2253,-76.727,59.772
2254,3.0195,58.765
2255,-61.564,59.198
2256,-25.749,46.131
2257,-50.94,-49.96
2258,-65.708,25.332
2259,-103.35,-11.106
2260,-67.004,20.177
2261,-47.031,8.0775
2262,-55.775,-22.554
2263,-55.558,-14.183
2264,-48.014,48.761
2265,-18.917,21.102
2266,52.865,72.359
2267,-50.351,67.156
2268,61.18,57.031
2269,-48.21,28.84
2270,-42.486,34.123
2271,26.688,-48.04
2272,16.807,50.596
2273,-11.746,88.885
2274,-42.612,64.79
2275,11.561,-25.181
2276,-14.635,64.933
2277,-18.144,13.368
2278,-83.075,17.924
2279,35.629,-81.808
2280,-29.21,47.146
2281,32.633,-79.463
2282,-85.233,-24.416
2283,51.69,49.547
2284,-61.07,71.808
2285,-42.079,33.746
2286,-13.119,53.545
2287,53.791,-86.008
2288,57.259,48.433
2289,-32.397,44.998
2290,-55.064,-24.877
2291,-46.202,-8.6831
2292,-28.863,45.285
2293,-29.759,95.737
2294,-19.258,7.6625
2295,68.768,-13.544
2296,-53.017,77.005
2297,24.456,-50.123
2298,41.031,6.3624
2299,-55.818,24.019
2300,-47.346,60.048
2301,46.83,-89.217
2302,40.86,73.725
2303,-14.941,65.501
2304,10.549,-35.184
2305,-60.101,77.493
2306,-55.646,45.656
2307,0.13972,-76.494
2308,24.98,24.206
2309,-29.218,67.077
2310,-45.22,3.6944
2311,-67.54,39.084
2312,-46.124,60.48
2313,-47.254,69.367
2314,-61.444,38.39
2315,13.905,-10.581
2316,-60.735,59.025
2317,-71.416,62.302
2318,-18.479,-40.01
2319,14.85,45.224
2320,-58.083,61.962
2321,-43.655,5.1843
2322,39.253,-61.237
2323,27.078,19.389
2324,-1.5946,75.403
2325,-9.4046,69.465
2326,-48.009,28.76
2327,-31.034,37.264
2328,41.482,-45.7
2329,-62.633,64.431
2330,51.404,57.892
2331,19.505,-5.873
2332,-20.303,14.143
2333,-17.531,18.4
2334,-46.435,14.856
2335,-102.92,21.264
2336,-59.414,54.302
2337,-55.987,-81.281
2338,-66.315,-35.416
2339,-41.03,84.401
2340,-60.249,-7.5778
2341,-66.372,63.38
2342,-7.8248,70.465
2343,15.074,60.928
2344,-18.868,-36.41
2345,-31.63,88.148
2346,-47.606,27.242
2347,-42.163,3.152
2348,-66.076,63.571
2349,27.583,-0.88893
2350,-17.038,-88.234
2351,37.07,-10.859
2352,-55.273,-25.852
